total_return,daily_volatility,daily_sharpe,max_drawdown,calmar_ratio
0.4866808941799876,0.00849219952511419,0.12816922479697068,-0.07856149777707122,3.863419769737149
