total_return,daily_volatility,daily_sharpe,max_drawdown,calmar_ratio
0.7054623813600203,0.011758445128032941,0.06609916464441917,-0.15426842610274072,1.2661319034299703
