total_return,daily_volatility,daily_sharpe,max_drawdown,calmar_ratio
0.40579249204010526,0.009760095891878111,0.14396120268744572,-0.06913145900903694,5.8974802596804965
