,total_return,daily_volatility,daily_sharpe
baseline_equal_weight,0.27514616740403564,0.010608549387727897,0.12527737070166667
ppo_rl,0.3446085389504161,0.0122749035091078,0.13242039433612285
