total_return,daily_volatility,daily_sharpe,max_drawdown,calmar_ratio
1.0685782317082717,0.013209692549961606,0.0795931131352862,-0.14393236801077747,1.9104749079210408
