,total_return,daily_volatility,daily_sharpe,max_drawdown,calmar_ratio
baseline_equal_weight,0.9942355686466895,0.009766480178174544,0.14574987942388232,-0.10844707542847865,3.8186107017903357
markowitz_mvp,0.7850785186521216,0.009601653697904574,0.12508357394793795,-0.12442793115777229,2.7133090392603014
random_forest,0.96855984589466,0.009739262516595485,0.143475019928319,-0.1044824031755972,3.875753557039632
