,total_return,daily_volatility,daily_sharpe,max_drawdown,calmar_ratio
baseline_equal_weight,0.5588461513502536,0.008490139313390287,0.1433792815953962,-0.063016648045644,5.4991789749101585
markowitz_mvp,0.5125739052066791,0.00845123859110781,0.1345200886883364,-0.07856149777707122,4.068384740812336
random_forest,0.6260051339762396,0.009037066314082968,0.1476440293104323,-0.0746199977703127,5.161476230718588
