total_return,daily_volatility,daily_sharpe,max_drawdown,calmar_ratio
1.3569439498986329,0.012318993962369889,0.08527178215932993,-0.155008055626483,1.7952860801401223
