total_return,daily_volatility,daily_sharpe,max_drawdown,calmar_ratio
1.363025035557396,0.011790656312334991,0.07840732518502873,-0.18255462627800234,1.3167244179298316
