total_return,daily_volatility,daily_sharpe,max_drawdown,calmar_ratio
0.5284636631612265,0.008545652617480123,0.13602033621051604,-0.063016648045644,5.203251109891597
