total_return,daily_volatility,daily_sharpe,max_drawdown,calmar_ratio
0.7152254242921645,0.011033289512166464,0.061102187331421906,-0.17519947644661904,0.9536626552775124
