,total_return,daily_volatility,daily_sharpe,max_drawdown,calmar_ratio
baseline_equal_weight,0.27514616740403564,0.010608549387727897,0.12527737070166667,-0.0691238604614991,5.46952893295986
ppo_rl,0.36714730366035675,0.011339198348619331,0.15007454772512985,-0.06077141599662683,8.4043460265762
