total_return,daily_volatility,daily_sharpe,max_drawdown,calmar_ratio
0.7460861878856311,0.009646961563470271,0.1197470368988824,-0.12442793115777229,2.588871067380373
