,total_return,daily_volatility,daily_sharpe,max_drawdown,calmar_ratio
baseline_equal_weight,0.5293530907221209,0.008699990920887314,0.15848000520682032,-0.06314282990623121,6.362783086921876
ppo_rl,0.6110518750555891,0.010468545237848237,0.14899159789553112,-0.0738631063669637,6.240913751610291
