total_return,daily_volatility,daily_sharpe,max_drawdown,calmar_ratio
0.9505084209535561,0.00981213992912246,0.1403405760884804,-0.10844707542847865,3.665694409454329
